[{"model": "contenttypes.contenttype", "pk": 1, "fields": {"app_label": "admin", "model": "logentry"}}, {"model": "contenttypes.contenttype", "pk": 2, "fields": {"app_label": "auth", "model": "permission"}}, {"model": "contenttypes.contenttype", "pk": 3, "fields": {"app_label": "auth", "model": "group"}}, {"model": "contenttypes.contenttype", "pk": 4, "fields": {"app_label": "auth", "model": "user"}}, {"model": "contenttypes.contenttype", "pk": 5, "fields": {"app_label": "contenttypes", "model": "contenttype"}}, {"model": "contenttypes.contenttype", "pk": 6, "fields": {"app_label": "sessions", "model": "session"}}, {"model": "contenttypes.contenttype", "pk": 7, "fields": {"app_label": "article", "model": "articlepost"}}, {"model": "contenttypes.contenttype", "pk": 8, "fields": {"app_label": "userprofile", "model": "profile"}}, {"model": "contenttypes.contenttype", "pk": 9, "fields": {"app_label": "comment", "model": "comment"}}, {"model": "contenttypes.contenttype", "pk": 10, "fields": {"app_label": "article", "model": "articlecolumn"}}, {"model": "contenttypes.contenttype", "pk": 11, "fields": {"app_label": "taggit", "model": "tag"}}, {"model": "contenttypes.contenttype", "pk": 12, "fields": {"app_label": "taggit", "model": "taggeditem"}}, {"model": "sessions.session", "pk": "10114ztjm17wecf096s0vpidz5ex96fd", "fields": {"session_data": "MGNhZDMxMzUzY2Y1YWQ5MjU1NDc2ODVjNjNlZTFjM2E3NWVkNjg2Zjp7Il9hdXRoX3VzZXJfaWQiOiIxIiwiX2F1dGhfdXNlcl9iYWNrZW5kIjoiZGphbmdvLmNvbnRyaWIuYXV0aC5iYWNrZW5kcy5Nb2RlbEJhY2tlbmQiLCJfYXV0aF91c2VyX2hhc2giOiI2NzY1NzgzMGJhMTA5MTEzMDIyNGVlM2YzYzBiZTE5ZmYyYjQ2MmJkIn0=", "expire_date": "2019-11-30T10:18:07.929Z"}}, {"model": "sessions.session", "pk": "1recpuc93pv9ok7rs8q4cp6327jcibky", "fields": {"session_data": "OTM1ZDk3ZDExYTMyMzVkMjFlYTgzYzhlY2RmMjc3ZmFhMjQxOTI3Njp7Il9hdXRoX3VzZXJfaWQiOiIzIiwiX2F1dGhfdXNlcl9iYWNrZW5kIjoiZGphbmdvLmNvbnRyaWIuYXV0aC5iYWNrZW5kcy5Nb2RlbEJhY2tlbmQiLCJfYXV0aF91c2VyX2hhc2giOiJhYmM1ZTBjNTU1MThjZTRmNzc0N2VmNzY4NzgzZjcxYjU0MGMyODEzIn0=", "expire_date": "2019-12-29T06:17:52.555Z"}}, {"model": "sessions.session", "pk": "nqvbye70yxlgittztl8hdmx4l5fmvgap", "fields": {"session_data": "MGNhZDMxMzUzY2Y1YWQ5MjU1NDc2ODVjNjNlZTFjM2E3NWVkNjg2Zjp7Il9hdXRoX3VzZXJfaWQiOiIxIiwiX2F1dGhfdXNlcl9iYWNrZW5kIjoiZGphbmdvLmNvbnRyaWIuYXV0aC5iYWNrZW5kcy5Nb2RlbEJhY2tlbmQiLCJfYXV0aF91c2VyX2hhc2giOiI2NzY1NzgzMGJhMTA5MTEzMDIyNGVlM2YzYzBiZTE5ZmYyYjQ2MmJkIn0=", "expire_date": "2019-09-29T06:58:00.454Z"}}, {"model": "sessions.session", "pk": "qdgwexdass03my3xh3uxz2jxg0hfk60n", "fields": {"session_data": "MGNhZDMxMzUzY2Y1YWQ5MjU1NDc2ODVjNjNlZTFjM2E3NWVkNjg2Zjp7Il9hdXRoX3VzZXJfaWQiOiIxIiwiX2F1dGhfdXNlcl9iYWNrZW5kIjoiZGphbmdvLmNvbnRyaWIuYXV0aC5iYWNrZW5kcy5Nb2RlbEJhY2tlbmQiLCJfYXV0aF91c2VyX2hhc2giOiI2NzY1NzgzMGJhMTA5MTEzMDIyNGVlM2YzYzBiZTE5ZmYyYjQ2MmJkIn0=", "expire_date": "2019-09-24T14:33:53.018Z"}}, {"model": "sessions.session", "pk": "up4rck8fzw9h5t4nynrpuy6f70whfwhp", "fields": {"session_data": "OTM1ZDk3ZDExYTMyMzVkMjFlYTgzYzhlY2RmMjc3ZmFhMjQxOTI3Njp7Il9hdXRoX3VzZXJfaWQiOiIzIiwiX2F1dGhfdXNlcl9iYWNrZW5kIjoiZGphbmdvLmNvbnRyaWIuYXV0aC5iYWNrZW5kcy5Nb2RlbEJhY2tlbmQiLCJfYXV0aF91c2VyX2hhc2giOiJhYmM1ZTBjNTU1MThjZTRmNzc0N2VmNzY4NzgzZjcxYjU0MGMyODEzIn0=", "expire_date": "2020-01-12T09:17:22.984Z"}}, {"model": "article.articlecolumn", "pk": 1, "fields": {"title": "\u7528\u6237\u4f53\u9a8c", "created": "2019-12-15T06:20:27Z"}}, {"model": "article.articlecolumn", "pk": 2, "fields": {"title": "\u804a\u4ea7\u54c1", "created": "2019-12-15T06:21:00Z"}}, {"model": "article.articlecolumn", "pk": 3, "fields": {"title": "UI\u8bbe\u8ba1", "created": "2019-12-15T06:23:57Z"}}, {"model": "taggit.tag", "pk": 1, "fields": {"name": "django", "slug": "django"}}, {"model": "taggit.tag", "pk": 2, "fields": {"name": "python", "slug": "python"}}, {"model": "taggit.tag", "pk": 3, "fields": {"name": "\u7f16\u7a0b", "slug": ""}}, {"model": "taggit.tag", "pk": 4, "fields": {"name": "\u4ed6\u7684", "slug": "_1"}}, {"model": "taggit.tag", "pk": 5, "fields": {"name": "\u4f60\u7684", "slug": "_2"}}, {"model": "taggit.tag", "pk": 6, "fields": {"name": "\u6211\u4eec\u7684", "slug": "_3"}}, {"model": "taggit.tag", "pk": 7, "fields": {"name": "\u6211\u7684", "slug": "_4"}}, {"model": "taggit.taggeditem", "pk": 1, "fields": {"tag": 1, "content_type": 7, "object_id": 50}}, {"model": "taggit.taggeditem", "pk": 2, "fields": {"tag": 2, "content_type": 7, "object_id": 50}}, {"model": "taggit.taggeditem", "pk": 3, "fields": {"tag": 3, "content_type": 7, "object_id": 50}}, {"model": "taggit.taggeditem", "pk": 4, "fields": {"tag": 1, "content_type": 7, "object_id": 51}}, {"model": "taggit.taggeditem", "pk": 5, "fields": {"tag": 2, "content_type": 7, "object_id": 51}}, {"model": "taggit.taggeditem", "pk": 6, "fields": {"tag": 3, "content_type": 7, "object_id": 51}}, {"model": "taggit.taggeditem", "pk": 7, "fields": {"tag": 1, "content_type": 7, "object_id": 52}}, {"model": "taggit.taggeditem", "pk": 8, "fields": {"tag": 2, "content_type": 7, "object_id": 52}}, {"model": "taggit.taggeditem", "pk": 9, "fields": {"tag": 3, "content_type": 7, "object_id": 52}}, {"model": "taggit.taggeditem", "pk": 10, "fields": {"tag": 1, "content_type": 7, "object_id": 53}}, {"model": "taggit.taggeditem", "pk": 11, "fields": {"tag": 2, "content_type": 7, "object_id": 53}}, {"model": "taggit.taggeditem", "pk": 12, "fields": {"tag": 3, "content_type": 7, "object_id": 53}}, {"model": "taggit.taggeditem", "pk": 13, "fields": {"tag": 4, "content_type": 7, "object_id": 54}}, {"model": "taggit.taggeditem", "pk": 14, "fields": {"tag": 5, "content_type": 7, "object_id": 54}}, {"model": "taggit.taggeditem", "pk": 15, "fields": {"tag": 6, "content_type": 7, "object_id": 54}}, {"model": "taggit.taggeditem", "pk": 16, "fields": {"tag": 7, "content_type": 7, "object_id": 54}}, {"model": "auth.permission", "pk": 1, "fields": {"name": "Can add log entry", "content_type": 1, "codename": "add_logentry"}}, {"model": "auth.permission", "pk": 2, "fields": {"name": "Can change log entry", "content_type": 1, "codename": "change_logentry"}}, {"model": "auth.permission", "pk": 3, "fields": {"name": "Can delete log entry", "content_type": 1, "codename": "delete_logentry"}}, {"model": "auth.permission", "pk": 4, "fields": {"name": "Can view log entry", "content_type": 1, "codename": "view_logentry"}}, {"model": "auth.permission", "pk": 5, "fields": {"name": "Can add permission", "content_type": 2, "codename": "add_permission"}}, {"model": "auth.permission", "pk": 6, "fields": {"name": "Can change permission", "content_type": 2, "codename": "change_permission"}}, {"model": "auth.permission", "pk": 7, "fields": {"name": "Can delete permission", "content_type": 2, "codename": "delete_permission"}}, {"model": "auth.permission", "pk": 8, "fields": {"name": "Can view permission", "content_type": 2, "codename": "view_permission"}}, {"model": "auth.permission", "pk": 9, "fields": {"name": "Can add group", "content_type": 3, "codename": "add_group"}}, {"model": "auth.permission", "pk": 10, "fields": {"name": "Can change group", "content_type": 3, "codename": "change_group"}}, {"model": "auth.permission", "pk": 11, "fields": {"name": "Can delete group", "content_type": 3, "codename": "delete_group"}}, {"model": "auth.permission", "pk": 12, "fields": {"name": "Can view group", "content_type": 3, "codename": "view_group"}}, {"model": "auth.permission", "pk": 13, "fields": {"name": "Can add user", "content_type": 4, "codename": "add_user"}}, {"model": "auth.permission", "pk": 14, "fields": {"name": "Can change user", "content_type": 4, "codename": "change_user"}}, {"model": "auth.permission", "pk": 15, "fields": {"name": "Can delete user", "content_type": 4, "codename": "delete_user"}}, {"model": "auth.permission", "pk": 16, "fields": {"name": "Can view user", "content_type": 4, "codename": "view_user"}}, {"model": "auth.permission", "pk": 17, "fields": {"name": "Can add content type", "content_type": 5, "codename": "add_contenttype"}}, {"model": "auth.permission", "pk": 18, "fields": {"name": "Can change content type", "content_type": 5, "codename": "change_contenttype"}}, {"model": "auth.permission", "pk": 19, "fields": {"name": "Can delete content type", "content_type": 5, "codename": "delete_contenttype"}}, {"model": "auth.permission", "pk": 20, "fields": {"name": "Can view content type", "content_type": 5, "codename": "view_contenttype"}}, {"model": "auth.permission", "pk": 21, "fields": {"name": "Can add session", "content_type": 6, "codename": "add_session"}}, {"model": "auth.permission", "pk": 22, "fields": {"name": "Can change session", "content_type": 6, "codename": "change_session"}}, {"model": "auth.permission", "pk": 23, "fields": {"name": "Can delete session", "content_type": 6, "codename": "delete_session"}}, {"model": "auth.permission", "pk": 24, "fields": {"name": "Can view session", "content_type": 6, "codename": "view_session"}}, {"model": "auth.permission", "pk": 25, "fields": {"name": "Can add article post", "content_type": 7, "codename": "add_articlepost"}}, {"model": "auth.permission", "pk": 26, "fields": {"name": "Can change article post", "content_type": 7, "codename": "change_articlepost"}}, {"model": "auth.permission", "pk": 27, "fields": {"name": "Can delete article post", "content_type": 7, "codename": "delete_articlepost"}}, {"model": "auth.permission", "pk": 28, "fields": {"name": "Can view article post", "content_type": 7, "codename": "view_articlepost"}}, {"model": "auth.permission", "pk": 29, "fields": {"name": "Can add profile", "content_type": 8, "codename": "add_profile"}}, {"model": "auth.permission", "pk": 30, "fields": {"name": "Can change profile", "content_type": 8, "codename": "change_profile"}}, {"model": "auth.permission", "pk": 31, "fields": {"name": "Can delete profile", "content_type": 8, "codename": "delete_profile"}}, {"model": "auth.permission", "pk": 32, "fields": {"name": "Can view profile", "content_type": 8, "codename": "view_profile"}}, {"model": "auth.permission", "pk": 33, "fields": {"name": "Can add comment", "content_type": 9, "codename": "add_comment"}}, {"model": "auth.permission", "pk": 34, "fields": {"name": "Can change comment", "content_type": 9, "codename": "change_comment"}}, {"model": "auth.permission", "pk": 35, "fields": {"name": "Can delete comment", "content_type": 9, "codename": "delete_comment"}}, {"model": "auth.permission", "pk": 36, "fields": {"name": "Can view comment", "content_type": 9, "codename": "view_comment"}}, {"model": "auth.permission", "pk": 37, "fields": {"name": "Can add article column", "content_type": 10, "codename": "add_articlecolumn"}}, {"model": "auth.permission", "pk": 38, "fields": {"name": "Can change article column", "content_type": 10, "codename": "change_articlecolumn"}}, {"model": "auth.permission", "pk": 39, "fields": {"name": "Can delete article column", "content_type": 10, "codename": "delete_articlecolumn"}}, {"model": "auth.permission", "pk": 40, "fields": {"name": "Can view article column", "content_type": 10, "codename": "view_articlecolumn"}}, {"model": "auth.permission", "pk": 41, "fields": {"name": "Can add Tag", "content_type": 11, "codename": "add_tag"}}, {"model": "auth.permission", "pk": 42, "fields": {"name": "Can change Tag", "content_type": 11, "codename": "change_tag"}}, {"model": "auth.permission", "pk": 43, "fields": {"name": "Can delete Tag", "content_type": 11, "codename": "delete_tag"}}, {"model": "auth.permission", "pk": 44, "fields": {"name": "Can view Tag", "content_type": 11, "codename": "view_tag"}}, {"model": "auth.permission", "pk": 45, "fields": {"name": "Can add Tagged Item", "content_type": 12, "codename": "add_taggeditem"}}, {"model": "auth.permission", "pk": 46, "fields": {"name": "Can change Tagged Item", "content_type": 12, "codename": "change_taggeditem"}}, {"model": "auth.permission", "pk": 47, "fields": {"name": "Can delete Tagged Item", "content_type": 12, "codename": "delete_taggeditem"}}, {"model": "auth.permission", "pk": 48, "fields": {"name": "Can view Tagged Item", "content_type": 12, "codename": "view_taggeditem"}}, {"model": "auth.user", "pk": 3, "fields": {"password": "pbkdf2_sha256$120000$e5sxVTNgTlCX$vjXWjK4c2zKXm1zBULqjCiJyqaz4AkQHLnIoB3Lax9U=", "last_login": "2019-12-29T09:17:22.981Z", "is_superuser": true, "username": "liusl", "first_name": "", "last_name": "", "email": "642428231@qq.com", "is_staff": true, "is_active": true, "date_joined": "2019-11-19T13:11:00.598Z", "groups": [], "user_permissions": []}}, {"model": "auth.user", "pk": 4, "fields": {"password": "pbkdf2_sha256$120000$PS40gjTwDAOH$QiRDmQSqmL0T3TTYWbYJM2mYGoYqLdwCBl7IYSrq73w=", "last_login": "2019-11-25T14:40:55.008Z", "is_superuser": false, "username": "leiw", "first_name": "", "last_name": "", "email": "", "is_staff": false, "is_active": true, "date_joined": "2019-11-25T14:40:01.698Z", "groups": [], "user_permissions": []}}, {"model": "article.articlepost", "pk": 13, "fields": {"author": 3, "title": "\u7ea2\u697c\u68a6", "avatar": "", "column": null, "body": "\u7b2c\u4e00\u7bc7\u6587\u7ae0", "created": "2019-11-20T13:22:41.632Z", "updated": "2019-11-20T13:22:41.639Z", "total_views": 0}}, {"model": "article.articlepost", "pk": 14, "fields": {"author": 3, "title": "\u897f\u6e38\u8bb0", "avatar": "", "column": null, "body": "# \u65f6\u5c1a\u7537\u54e6\u5f04\u54e6\u4f60\r\nSN\u54e6\u5f04\u54e6\u5f04\u6015\u4f60\u9a97\u4f60\u5462", "created": "2019-11-20T13:23:14.444Z", "updated": "2019-11-20T13:23:14.449Z", "total_views": 0}}, {"model": "article.articlepost", "pk": 15, "fields": {"author": 3, "title": "\u5fae\u4fe1\u662f\u5426\u53ef\u4ee5\u589e\u52a0\u4e00\u4e2a\u628a\u67d0\u4e2a\u804a\u5929\u653e\u5230\u60ac\u6d6e\u7403\u7684\u529f\u80fd\uff0c\u4e3b\u8981\u662f\u8bb0\u5f55\u4f4f\u5f53\u65f6\u67e5\u770b\u6b64\u804a\u5929\u7684\u72b6\u6001\uff0c \u200b\u200b\u200b\u200b", "avatar": "", "column": null, "body": "## \u5fae\u4fe1\u662f\u5426\u53ef\u4ee5\u589e\u52a0\u4e00\u4e2a\u628a\u67d0\u4e2a\u804a\u5929\u653e\u5230\u60ac\u6d6e\u7403\u7684\u529f\u80fd\uff0c\u4e3b\u8981\u662f\u8bb0\u5f55\u4f4f\u5f53\u65f6\u67e5\u770b\u6b64\u804a\u5929\u7684\u72b6\u6001\uff0c \u200b\u200b\u200b\u200b", "created": "2019-11-23T08:43:44.664Z", "updated": "2019-11-23T08:43:44.670Z", "total_views": 0}}, {"model": "article.articlepost", "pk": 16, "fields": {"author": 3, "title": "\u987a\u4e30\u4e30\u5de2App", "avatar": "", "column": null, "body": "### \u987a\u4e30\u4e30\u5de2\u5bc4\u4ef6\u6709\u4e00\u4e2a\u4e0d\u65b9\u4fbf\u7684\u5730\u65b9\u5728\u4e8e\uff0c\u6211\u5728\u624b\u673a\u7684\u987a\u4e30App\u4e0a\u9762\u7684\u5df2\u7ecf\u586b\u5199\u4e86\u5bc4\u4ef6\u4fe1\u606f\uff0c\u7136\u540e\u751f\u6210\u5bc4\u4ef6\u7801\uff0c\u4f46\u662f\u6211\u5728\u62ff\u7740\u4e1c\u897f\u53bb\u90a3\u4e2a\u5feb\u9012\u67dc\u5bc4\u4e1c\u897f\u7684\u65f6\u5019\uff0c\u6211\u5f97\u6574\u534a\u5929\uff0c\u53ef\u80fd\u8fd8\u627e\u4e0d\u5230\u8fd9\u4e2a\u5bc4\u4ef6\u7801\u5728\u54ea\u91cc\u3002\u6240\u4ee5\u6211\u89c9\u5f97\u5e94\u8be5\u662f\u8fd9\u4e2a\u5bc4\u4ef6\u7801\u76f4\u63a5\u5c31\u51fa\u73b0\u5728\u8fd9\u4e2a\u624b\u673aApp\u6253\u5f00\u4e4b\u540e\u7acb\u523b\u5728\u9996\u9875\u5c31\u80fd\u591f\u51fa\u73b0\u5bc4\u4ef6\u7801\u3002\u5c31\u50cf\u6211\u6709\u65f6\u5019\u53bb\u7535\u5f71\u9662\u53d6\u7968\u7684\u65f6\u5019\uff0c\u732b\u773capp\u9996\u9875\u5c31\u5f39\u51fa\u6211\u7684\u53d6\u7968\u7801\u3002", "created": "2019-11-23T08:44:23.743Z", "updated": "2019-11-23T08:44:23.747Z", "total_views": 0}}, {"model": "article.articlepost", "pk": 17, "fields": {"author": 3, "title": "\u76ae\u76ae\u770b\u7684\u7b2c\u4e00\u90e8\u7535\u5f71\u300a\u9f99\u732b\u300b \u200b\u200b\u200b\u200b", "avatar": "", "column": null, "body": "### \u76ae\u76ae\u770b\u7684\u7b2c\u4e00\u90e8\u7535\u5f71\u300a\u9f99\u732b\u300b", "created": "2019-11-23T08:46:42.269Z", "updated": "2019-11-23T08:46:42.273Z", "total_views": 0}}, {"model": "article.articlepost", "pk": 18, "fields": {"author": 3, "title": "\u660e\u5e74\u60f3\u53bb\u8fd9\u680b\u697c\u4e0a\u73ed \u200b\u200b\u200b\u200b", "avatar": "", "column": null, "body": "### \u660e\u5e74\u60f3\u53bb\u8fd9\u680b\u697c\u4e0a\u73ed", "created": "2019-11-23T08:47:58.931Z", "updated": "2019-11-23T08:47:58.936Z", "total_views": 0}}, {"model": "article.articlepost", "pk": 19, "fields": {"author": 3, "title": "\u505a\u4e00\u4e2a\u5343\u4e07\u7ea7\u7528\u6237\u7684\u4ea7\u54c1\uff0c\u7136\u540e\u518d\u53bb\u5199\u4e00\u672c\u5343\u4e07\u8bfb\u8005\u7684\u5c0f\u8bf4", "avatar": "", "column": null, "body": "### \u505a\u4e00\u4e2a\u5343\u4e07\u7ea7\u7528\u6237\u7684\u4ea7\u54c1\uff0c\u7136\u540e\u518d\u53bb\u5199\u4e00\u672c\u5343\u4e07\u8bfb\u8005\u7684\u5c0f\u8bf4", "created": "2019-11-23T08:48:27.321Z", "updated": "2019-11-23T08:48:27.325Z", "total_views": 1}}, {"model": "article.articlepost", "pk": 20, "fields": {"author": 3, "title": "\u88ab\u4e24\u4e2a\u4e8c\u90ce\u817f\u5de6\u53f3\u56f4\u653b \u200b\u200b\u200b", "avatar": "", "column": null, "body": "### \u88ab\u4e24\u4e2a\u4e8c\u90ce\u817f\u5de6\u53f3\u56f4\u653b", "created": "2019-11-23T08:48:49.583Z", "updated": "2019-11-23T08:48:49.587Z", "total_views": 0}}, {"model": "article.articlepost", "pk": 21, "fields": {"author": 3, "title": "\u9662\u5b50\u548c\u79cb\u5343 \u200b\u200b\u200b", "avatar": "", "column": null, "body": "### \u9662\u5b50\u548c\u79cb\u5343 \u200b\u200b\u200b\u200b", "created": "2019-11-23T08:49:08.169Z", "updated": "2019-11-23T08:49:08.172Z", "total_views": 0}}, {"model": "article.articlepost", "pk": 22, "fields": {"author": 3, "title": "\u8bd5\u4e0b\u9ad8\u94c1\u5230\u9999\u6e2f\u7684\u611f\u89c9 \u200b\u200b\u200b", "avatar": "", "column": null, "body": "### \u8bd5\u4e0b\u9ad8\u94c1\u5230\u9999\u6e2f\u7684\u611f\u89c9 \u200b\u200b\u200b\u200b", "created": "2019-11-23T08:49:34.303Z", "updated": "2019-11-23T08:49:34.307Z", "total_views": 0}}, {"model": "article.articlepost", "pk": 23, "fields": {"author": 3, "title": "AR\u65f6\u4ee3", "avatar": "", "column": null, "body": "### AR\u65f6\u4ee3\uff0c\u53ef\u80fd\u51fa\u73b0\u7b49\u6211\u793e\u4ea4\u65b9\u5f0f\u662f\uff0c\u6355\u6349\u8ddf\u4f60\u804a\u5929\u7684\u4eba\u7684\u6240\u6709\u73b0\u5b9e\u4fe1\u606f\uff08\u8eab\u4f53\u3001\u52a8\u4f5c\u3001\u8868\u60c5\u3001\u58f0\u97f3\uff09\uff0c\u7136\u540e\u5c06\u6574\u4e2a\u4eba\u865a\u62df\u5230\u4f60\u9762\u524d\uff0c\u8ddf\u4f60\u804a\u5929\u3002AR\u65f6\u4ee3\u4eba\u4eec\u5c06\u5f7b\u5e95\u7a81\u7834\u8eab\u4f53\u548c\u7a7a\u95f4\u7684\u9650\u5236\u3002 \u200b\u200b\u200b\u200b", "created": "2019-11-23T08:49:58.797Z", "updated": "2019-11-23T08:49:58.803Z", "total_views": 0}}, {"model": "article.articlepost", "pk": 24, "fields": {"author": 3, "title": "\u6697\u9ed1\u6a21\u5f0f", "avatar": "", "column": null, "body": "\u5bf9\u6211\u6765\u8bb2\uff0c\u4e00\u4e2a\u5e94\u7528\u80fd\u591f\u5f88\u65b9\u4fbf\u7684\u5207\u6362\u767d\u5929\u548c\u591c\u665a\u6a21\u5f0f\uff0c\u6211\u89c9\u5f97\u662f\u4e00\u4e2a\u52a0\u5206\u9879\u3002\u8fd9\u70b9\u6765\u8bf4\uff0c\u7b80\u4e66\u7684app\u548c\u7f51\u9875\u90fd\u505a\u5f97\u4e0d\u9519", "created": "2019-11-23T08:50:17.067Z", "updated": "2019-11-23T08:50:17.071Z", "total_views": 0}}, {"model": "article.articlepost", "pk": 25, "fields": {"author": 3, "title": "\u5c0f\u7092\u8089\uff0c\u9752\u8c46\u7c73\uff0c\u571f\u8c46\u4e1d \u200b\u200b\u200b\u200b", "avatar": "", "column": null, "body": "\u5c0f\u7092\u8089\uff0c\u9752\u8c46\u7c73\uff0c\u571f\u8c46\u4e1d \u200b\u200b\u200b\u200b", "created": "2019-11-23T08:54:09.633Z", "updated": "2019-11-23T08:54:09.638Z", "total_views": 0}}, {"model": "article.articlepost", "pk": 26, "fields": {"author": 3, "title": "\u9505\u8d34\uff0c\u914d\u4e0a\u6b66\u6c49\u7684\u6cb9\u8fa3\u6912\u548c\u653e\u4e86\u59dc\u4e1d\u7684\u918b", "avatar": "", "column": null, "body": "\u9505\u8d34\uff0c\u914d\u4e0a\u6b66\u6c49\u7684\u6cb9\u8fa3\u6912\u548c\u653e\u4e86\u59dc\u4e1d\u7684\u918b", "created": "2019-11-23T08:58:01.737Z", "updated": "2019-11-23T08:58:01.743Z", "total_views": 0}}, {"model": "article.articlepost", "pk": 27, "fields": {"author": 3, "title": "\u7a3b\u9999\u6751", "avatar": "", "column": null, "body": "\u7a3b\u9999\u6751\uff0c\u56fd\u8425\u5546\u5e97\u7684\u65e2\u89c6\u611f\uff0c\u8425\u4e1a\u5458\u6536\u73b0\u91d1\u90fd\u662f\u7528\u954a\u5b50\u5939\u7684\uff0c\u70b9\u5fc3\u54c1\u79cd\u5f88\u591a\uff0c\u633a\u597d\uff0c\u7ed9\u4e08\u6bcd\u5a18\u5bc4\u4e86\u70b9", "created": "2019-11-23T08:58:21.862Z", "updated": "2019-11-23T08:58:21.866Z", "total_views": 0}}, {"model": "article.articlepost", "pk": 28, "fields": {"author": 3, "title": "\u5364\u716e\u4e0d\u9519", "avatar": "", "column": null, "body": "\u65b0\u8857\u53e3 \u5364\u716e", "created": "2019-11-23T08:59:56.768Z", "updated": "2019-11-23T08:59:56.771Z", "total_views": 1}}, {"model": "article.articlepost", "pk": 29, "fields": {"author": 3, "title": "\u575a\u679c3", "avatar": "", "column": null, "body": "\u575a\u679c3", "created": "2019-11-23T09:00:12.329Z", "updated": "2019-11-23T09:00:12.334Z", "total_views": 1}}, {"model": "article.articlepost", "pk": 30, "fields": {"author": 3, "title": "\u627e\u5230\u4e00\u4ef6\u5408\u9002\u7684\u8863\u670d\uff0c\u4f60\u53ef\u4ee5\u7a7f\u5f88\u591a\u5e74 \u200b\u200b\u200b\u200b", "avatar": "", "column": null, "body": "\u627e\u5230\u4e00\u4ef6\u5408\u9002\u7684\u8863\u670d\uff0c\u4f60\u53ef\u4ee5\u7a7f\u5f88\u591a\u5e74 \u200b\u200b\u200b\u200b", "created": "2019-11-23T09:04:59.978Z", "updated": "2019-11-23T09:04:59.982Z", "total_views": 1}}, {"model": "article.articlepost", "pk": 36, "fields": {"author": 3, "title": "\u7b2c\u4e94\u7bc7\u6587\u7ae02", "avatar": "article/20191124/apple___steve_jobs_memories-wallpaper-2560x1440_i7fAQf9.jpg", "column": null, "body": "\u6d4b\u8bd53333", "created": "2019-11-24T09:48:52.205Z", "updated": "2019-12-22T10:20:57.171Z", "total_views": 4}}, {"model": "article.articlepost", "pk": 37, "fields": {"author": 3, "title": "\u4f4e\u5443\u5443\u5443\u5443", "avatar": "", "column": null, "body": "![](/media/editor/apple___steve_jobs_memories-wallpaper-2560x1440_20191124102035723704.jpg)", "created": "2019-11-24T10:20:43.797Z", "updated": "2019-11-24T10:20:43.803Z", "total_views": 3}}, {"model": "article.articlepost", "pk": 38, "fields": {"author": 4, "title": "\u6211\u7684\u54c8\u54c8\u54c8", "avatar": "", "column": null, "body": "![](/media/editor/\u7b80\u5386\u76f8\u7247_20191124103200292788.jpg)", "created": "2019-11-24T10:32:16.073Z", "updated": "2019-12-19T14:42:56.189Z", "total_views": 10}}, {"model": "article.articlepost", "pk": 39, "fields": {"author": 3, "title": "ffff", "avatar": "", "column": null, "body": "![](/media/editor/BZ1706192033447889_20191124103306886794.jpg)", "created": "2019-11-24T10:33:20.376Z", "updated": "2020-01-01T09:29:36.455Z", "total_views": 5}}, {"model": "article.articlepost", "pk": 40, "fields": {"author": 4, "title": "\u6211\u7684\u6587\u7ae0\u5462", "avatar": "", "column": null, "body": "![](/media/editor/QQ20191124-184003@2x_20191124104040473898.png)", "created": "2019-11-24T10:40:44.374Z", "updated": "2019-12-19T14:42:04.475Z", "total_views": 13}}, {"model": "article.articlepost", "pk": 41, "fields": {"author": 3, "title": "ceshi 333", "avatar": "", "column": null, "body": "```html\r\n<div class=\"card-footer\">\r\n    <!-- \u5df2\u6709\u4ee3\u7801 -->\r\n    <a href=\"{% url 'article:article_detail' article.id %}\"\r\n        class=\"btn btn-primary\">\r\n        \u9605\u8bfb\u672c\u6587\r\n    </a>\r\n\r\n    <!-- \u663e\u793a\u6d4f\u89c8\u91cf -->\r\n    <span>\r\n        <small class=\"col align-self-end\" style=\"color: gray;\">\r\n            \u6d4f\u89c8: {{ article.total_views }}\r\n        </small>\r\n    </span>\r\n\r\n</div>\r\n\r\n```", "created": "2019-11-25T13:17:11.033Z", "updated": "2019-11-25T13:17:11.038Z", "total_views": 16}}, {"model": "article.articlepost", "pk": 42, "fields": {"author": 4, "title": "ushhihih", "avatar": "", "column": null, "body": "# ceshi", "created": "2019-11-25T14:41:18.179Z", "updated": "2019-11-25T14:41:18.182Z", "total_views": 31}}, {"model": "article.articlepost", "pk": 43, "fields": {"author": 3, "title": "\u6d4b\u8bd5\u76ee\u5f55", "avatar": "", "column": null, "body": "# \u76ae\u76ae\r\n## \u76ae\u76ae\r\n### \u76ae\u76ae\r\n#### \u76ae\u76ae\r\n##### \u76ae\u76ae\r\n\r\n```python\r\nprint('hello')\r\n```", "created": "2019-12-01T02:31:00.495Z", "updated": "2019-12-29T09:46:12.615Z", "total_views": 124}}, {"model": "article.articlepost", "pk": 44, "fields": {"author": 3, "title": "hxcet", "avatar": "", "column": 1, "body": "# eee\r\n@@", "created": "2019-12-15T08:11:22.295Z", "updated": "2019-12-15T08:11:22.301Z", "total_views": 3}}, {"model": "article.articlepost", "pk": 45, "fields": {"author": 3, "title": "\u6211\u7684\u6d4b\u8bd5\u95ee", "avatar": "", "column": 2, "body": "# eee", "created": "2019-12-15T08:39:03.040Z", "updated": "2020-01-01T10:43:34.634Z", "total_views": 16}}, {"model": "article.articlepost", "pk": 46, "fields": {"author": 4, "title": "\u6211\u7684\u6d4b\u8bd5\u95ee", "avatar": "", "column": null, "body": "# eee", "created": "2019-12-19T14:26:17.007Z", "updated": "2019-12-19T14:26:17.011Z", "total_views": 2}}, {"model": "article.articlepost", "pk": 47, "fields": {"author": 4, "title": "\u6211\u7684\u6d4b\u8bd5\u95ee", "avatar": "", "column": null, "body": "# eee", "created": "2019-12-19T14:26:28.347Z", "updated": "2019-12-19T14:26:28.351Z", "total_views": 1}}, {"model": "article.articlepost", "pk": 48, "fields": {"author": 4, "title": "\u6d4b\u8bd5\u76ee\u5f55", "avatar": "", "column": null, "body": "# \u76ae\u76ae\r\n## \u76ae\u76ae\r\n### \u76ae\u76ae\r\n#### \u76ae\u76ae\r\n##### \u76ae\u76ae", "created": "2019-12-19T14:27:02.643Z", "updated": "2019-12-19T14:27:02.647Z", "total_views": 59}}, {"model": "article.articlepost", "pk": 49, "fields": {"author": 3, "title": "\u6211\u76ae\u7f51\u7b2c\u4e8c\u4e09", "avatar": "article/20191222/\u6211\u76ae\u7f51logo.jpg", "column": 1, "body": "# \u5f97\u5230\u7684222", "created": "2019-12-22T09:10:42.152Z", "updated": "2020-01-01T10:42:48.381Z", "total_views": 26}}, {"model": "article.articlepost", "pk": 50, "fields": {"author": 3, "title": "2019\u6211\u7684\u4e2a\u4eba\u603b\u7ed3", "avatar": "", "column": 1, "body": "# \u6d4b\u8bd5\u731c\u6d4b", "created": "2020-01-01T09:20:48.200Z", "updated": "2020-01-01T09:20:48.204Z", "total_views": 2}}, {"model": "article.articlepost", "pk": 51, "fields": {"author": 3, "title": "www", "avatar": "", "column": 1, "body": "# www", "created": "2020-01-01T09:24:33.550Z", "updated": "2020-01-01T09:24:33.553Z", "total_views": 0}}, {"model": "article.articlepost", "pk": 52, "fields": {"author": 3, "title": "www", "avatar": "", "column": 1, "body": "# w", "created": "2020-01-01T09:29:58.429Z", "updated": "2020-01-01T09:29:58.433Z", "total_views": 8}}, {"model": "article.articlepost", "pk": 53, "fields": {"author": 3, "title": "2020\u5e74\u7684\u7b2c\u4e00\u7bc7\u6d4b\u8bd5\u6587\u7ae0", "avatar": "", "column": 1, "body": "# \u54c8\u54c8\u54c8\u54c8\ud83d\ude02", "created": "2020-01-01T10:18:25.465Z", "updated": "2020-01-01T10:18:25.468Z", "total_views": 10}}, {"model": "article.articlepost", "pk": 54, "fields": {"author": 3, "title": "2020\u5e74\u7b2c\u4e8c", "avatar": "", "column": 2, "body": "# \u5443\u5443\u5443", "created": "2020-01-01T10:34:42.948Z", "updated": "2020-01-01T11:14:57.013Z", "total_views": 15}}, {"model": "userprofile.profile", "pk": 1, "fields": {"user": 3, "phone": "13418746595", "avatar": "avatar/20191123/496afbfc06ee8f7d90d7d.jpg", "bio": "\u6211\u76ae\u7f51\u7684\u7ad9\u957f"}}, {"model": "comment.comment", "pk": 1, "fields": {"article": 43, "user": 3, "body": "\u6211\u7684", "created": "2019-12-04T22:33:19.824Z"}}, {"model": "comment.comment", "pk": 2, "fields": {"article": 43, "user": 3, "body": "\u54c8\u554a\u54c8", "created": "2019-12-04T22:33:27.602Z"}}, {"model": "comment.comment", "pk": 3, "fields": {"article": 41, "user": 3, "body": "\u54c8\u54c8\u54c8\u54c8", "created": "2019-12-04T22:33:49.915Z"}}, {"model": "comment.comment", "pk": 4, "fields": {"article": 40, "user": 3, "body": "\u53d1\u8868\u8bc4\u8bba", "created": "2019-12-04T22:37:51.501Z"}}, {"model": "comment.comment", "pk": 5, "fields": {"article": 42, "user": 3, "body": "\u5199\u4e0b\u4f60\u7684\u54c8\u54c8\u54c8", "created": "2019-12-05T13:36:39.653Z"}}, {"model": "comment.comment", "pk": 6, "fields": {"article": 48, "user": 3, "body": "<p>ceshi<img alt=\"smiley\" src=\"http://127.0.0.1:8000/static/ckeditor/ckeditor/plugins/smiley/images/regular_smile.png\" style=\"height:23px; width:23px\" title=\"smiley\" /></p>", "created": "2019-12-26T14:03:07.571Z"}}, {"model": "comment.comment", "pk": 7, "fields": {"article": 48, "user": 3, "body": "\u633a\u4e0d\u9519\u7684\u5462", "created": "2019-12-26T14:17:08.782Z"}}, {"model": "comment.comment", "pk": 8, "fields": {"article": 48, "user": 3, "body": "<p>\u8fd9\u6837\uff01\uff01</p>", "created": "2019-12-27T14:39:20.103Z"}}, {"model": "comment.comment", "pk": 9, "fields": {"article": 48, "user": 3, "body": "<p><img alt=\"heart\" height=\"23\" src=\"http://127.0.0.1:8000/static/ckeditor/ckeditor/plugins/smiley/images/heart.png\" title=\"heart\" width=\"23\" /></p>", "created": "2019-12-27T14:41:14.672Z"}}, {"model": "comment.comment", "pk": 10, "fields": {"article": 48, "user": 3, "body": "<pre>\r\n<code class=\"language-python\">print('hello')</code></pre>\r\n\r\n<p>&nbsp;</p>", "created": "2019-12-27T14:46:42.547Z"}}, {"model": "comment.comment", "pk": 11, "fields": {"article": 48, "user": 3, "body": "<pre>\r\n<code class=\"language-python\">print('hello world')</code></pre>\r\n\r\n<p>&nbsp;</p>", "created": "2019-12-29T09:17:58.757Z"}}, {"model": "comment.comment", "pk": 12, "fields": {"article": 48, "user": 3, "body": "<pre>\r\n<code class=\"language-python\">print('hello world')</code></pre>\r\n\r\n<p>&nbsp;</p>", "created": "2019-12-29T09:19:05.184Z"}}, {"model": "comment.comment", "pk": 13, "fields": {"article": 48, "user": 3, "body": "<pre>\r\n<code class=\"language-python\">print('hello world')</code></pre>\r\n\r\n<p>&nbsp;</p>", "created": "2019-12-29T09:28:33.993Z"}}, {"model": "comment.comment", "pk": 14, "fields": {"article": 48, "user": 3, "body": "<pre>\r\n<code class=\"language-python\">print('hello')</code></pre>\r\n\r\n<p>&nbsp;</p>", "created": "2019-12-29T09:33:00.826Z"}}, {"model": "comment.comment", "pk": 15, "fields": {"article": 48, "user": 3, "body": "<pre>\r\n<code class=\"language-python\">print('hello')</code></pre>\r\n\r\n<p>&nbsp;</p>", "created": "2019-12-29T09:37:30.714Z"}}, {"model": "comment.comment", "pk": 16, "fields": {"article": 48, "user": 3, "body": "<pre>\r\n<code class=\"language-markup\">&lt;p&gt;wo&lt;/p&gt;</code></pre>\r\n\r\n<p>&nbsp;</p>", "created": "2019-12-29T09:41:22.434Z"}}, {"model": "admin.logentry", "pk": 10, "fields": {"action_time": "2019-11-25T14:40:01.850Z", "user": 3, "content_type": 4, "object_id": "4", "object_repr": "leiw", "action_flag": 1, "change_message": "[{\"added\": {}}]"}}, {"model": "admin.logentry", "pk": 11, "fields": {"action_time": "2019-12-15T06:20:58.501Z", "user": 3, "content_type": 10, "object_id": "1", "object_repr": "UE", "action_flag": 1, "change_message": "[{\"added\": {}}]"}}, {"model": "admin.logentry", "pk": 12, "fields": {"action_time": "2019-12-15T06:22:37.168Z", "user": 3, "content_type": 10, "object_id": "2", "object_repr": "\u804a\u4ea7\u54c1", "action_flag": 1, "change_message": "[{\"added\": {}}]"}}, {"model": "admin.logentry", "pk": 13, "fields": {"action_time": "2019-12-15T06:23:54.932Z", "user": 3, "content_type": 10, "object_id": "1", "object_repr": "\u7528\u6237\u4f53\u9a8c", "action_flag": 2, "change_message": "[{\"changed\": {\"fields\": [\"title\"]}}]"}}, {"model": "admin.logentry", "pk": 14, "fields": {"action_time": "2019-12-15T06:24:02.625Z", "user": 3, "content_type": 10, "object_id": "3", "object_repr": "UI\u8bbe\u8ba1", "action_flag": 1, "change_message": "[{\"added\": {}}]"}}, {"model": "admin.logentry", "pk": 15, "fields": {"action_time": "2019-12-26T14:03:07.572Z", "user": 3, "content_type": 9, "object_id": "6", "object_repr": "<p>ceshi<img alt=\"sm", "action_flag": 1, "change_message": "[{\"added\": {}}]"}}]